Rank,Name,Team,Position
1.0,Ja'Marr Chase,CIN,WR
2.0,Jahmyr Gibbs,DET,RB
3.0,Puka Nacua,LAR,WR
4.0,Bijan Robinson,ATL,RB
5.0,Jaxon Smith-Njigba,SEA,WR
6.0,Amon-Ra St. Brown,DET,WR
7.0,CeeDee Lamb,DAL,WR
8.0,Justin Jefferson,MIN,WR
9.0,Christian McCaffrey,SF,RB
10.0,Jonathan Taylor,IND,RB
11.0,Drake London,ATL,WR
12.0,A.J. Brown,NE,WR
13.0,James Cook III,BUF,RB
14.0,Nico Collins,HOU,WR
15.0,Chase Brown,CIN,RB
16.0,Chris Olave,NO,WR
17.0,Brock Bowers,LV,TE
18.0,George Pickens,DAL,WR
19.0,Trey McBride,ARI,TE
20.0,De'Von Achane,MIA,RB
21.0,Saquon Barkley,PHI,RB
22.0,DeVonta Smith,PHI,WR
23.0,Malik Nabers,NYG,WR
24.0,Kenneth Walker III,KC,RB
25.0,Omarion Hampton,LAC,RB
26.0,Rashee Rice,KC,WR
27.0,Josh Allen,BUF,QB
28.0,Ashton Jeanty,LV,RB
29.0,Garrett Wilson,NYJ,WR
30.0,Zay Flowers,BAL,WR
31.0,Lamar Jackson,BAL,QB
32.0,Ladd McConkey,LAC,WR
33.0,Jaylen Waddle,DEN,WR
34.0,Colston Loveland,CHI,TE
35.0,Tetairoa McMillan,CAR,WR
36.0,Tee Higgins,CIN,WR
37.0,Drake Maye,NE,QB
38.0,Derrick Henry,BAL,RB
39.0,Breece Hall,NYJ,RB
40.0,Emeka Egbuka,TB,WR
41.0,Jeremiyah Love,ARI,RB
42.0,Kyren Williams,LAR,RB
43.0,Javonte Williams,DAL,RB
44.0,Joe Burrow,CIN,QB
45.0,Luther Burden III,CHI,WR
46.0,Travis Etienne Jr.,NO,RB
47.0,Terry McLaurin,WAS,WR
48.0,Josh Jacobs,GB,RB
49.0,Davante Adams,LAR,WR
50.0,DJ Moore,BUF,WR
51.0,Jayden Daniels,WAS,QB
52.0,Tyler Warren,IND,TE
53.0,Jameson Williams,DET,WR
54.0,D'Andre Swift,CHI,RB
55.0,Mike Evans,SF,WR
56.0,Christian Watson,GB,WR
57.0,Jalen Hurts,PHI,QB
58.0,Rome Odunze,CHI,WR
59.0,Cam Skattebo,NYG,RB
60.0,Bucky Irving,TB,RB
61.0,Quinshon Judkins,CLE,RB
62.0,David Montgomery,HOU,RB
63.0,Parker Washington,JAC,WR
64.0,Caleb Williams,CHI,QB
65.0,Bhayshul Tuten,JAC,RB
66.0,Carnell Tate,TEN,WR
67.0,Marvin Harrison Jr.,ARI,WR
68.0,TreVeyon Henderson,NE,RB
69.0,Justin Herbert,LAC,QB
70.0,Jadarian Price,SEA,RB
71.0,Harold Fannin Jr.,CLE,TE
72.0,Chris Godwin Jr.,TB,WR
73.0,Rhamondre Stevenson,NE,RB
74.0,Jaylen Warren,PIT,RB
75.0,Dak Prescott,DAL,QB
76.0,Trevor Lawrence,JAC,QB
77.0,Kyle Pitts Sr.,ATL,TE
78.0,DK Metcalf,PIT,WR
79.0,Brian Thomas Jr.,JAC,WR
80.0,Michael Pittman Jr.,PIT,WR
81.0,Tucker Kraft,GB,TE
82.0,Courtland Sutton,DEN,WR
83.0,Tony Pollard,TEN,RB
84.0,Sam LaPorta,DET,TE
85.0,Wan'Dale Robinson,TEN,WR
86.0,Rico Dowdle,PIT,RB
87.0,Josh Downs,IND,WR
88.0,Michael Wilson,ARI,WR
89.0,Jonathon Brooks,CAR,RB
90.0,Quentin Johnston,LAC,WR
91.0,RJ Harvey,DEN,RB
92.0,Brock Purdy,SF,QB
93.0,Jaxson Dart,NYG,QB
94.0,Bo Nix,DEN,QB
95.0,Travis Kelce,KC,TE
96.0,George Kittle,SF,TE
97.0,Kenny Gainwell,TB,RB
98.0,Chuba Hubbard,CAR,RB
99.0,Alec Pierce,IND,WR
100.0,Patrick Mahomes II,KC,QB
101.0,J.K. Dobbins,DEN,RB
102.0,Stefon Diggs,WAS,WR
103.0,Jakobi Meyers,JAC,WR
104.0,Matthew Stafford,LAR,QB
105.0,Jayden Reed,GB,WR
106.0,Jordan Addison,MIN,WR
107.0,Jared Goff,DET,QB
108.0,Makai Lemon,PHI,WR
109.0,Blake Corum,LAR,RB
110.0,Dalton Kincaid,BUF,TE
111.0,Rachaad White,WAS,RB
112.0,Kyler Murray,MIN,QB
113.0,Jacory Croskey-Merritt,WAS,RB
114.0,Jordan Mason,MIN,RB
115.0,Aaron Jones Sr.,MIN,RB
116.0,Jake Ferguson,DAL,TE
117.0,KC Concepcion,CLE,WR
118.0,Kyle Monangai,CHI,RB
119.0,Baker Mayfield,TB,QB
120.0,Jordan Love,GB,QB
121.0,Dallas Goedert,PHI,TE
122.0,Isaiah Likely,NYG,TE
123.0,Khalil Shakir,BUF,WR
124.0,Tyler Shough,NO,QB
125.0,Jalen Coker,CAR,WR
126.0,Romeo Doubs,NE,WR
127.0,Matthew Golden,GB,WR
128.0,Malik Willis,MIA,QB
129.0,Xavier Worthy,KC,WR
130.0,Juwan Johnson,NO,TE
131.0,Mark Andrews,BAL,TE
132.0,Jordyn Tyson,NO,WR
133.0,Woody Marks,HOU,RB
134.0,Tyjae Spears,TEN,RB
135.0,De'Zhaun Stribling,SF,WR
136.0,Tyler Allgeier,ARI,RB
137.0,Sam Darnold,SEA,QB
138.0,Chris Rodriguez Jr.,JAC,RB
139.0,C.J. Stroud,HOU,QB
140.0,Daniel Jones,IND,QB
141.0,Deebo Samuel Sr.,SF,WR
142.0,Dylan Sampson,CLE,RB
143.0,Rashid Shaheed,SEA,WR
144.0,Keaton Mitchell,LAC,RB
145.0,Zach Charbonnet,SEA,RB
146.0,Denzel Boston,CLE,WR
147.0,Cam Ward,TEN,QB
148.0,Jonah Coleman,DEN,RB
149.0,Brenton Strange,JAC,TE
150.0,Chig Okonkwo,WAS,TE
151.0,Dalton Schultz,HOU,TE
152.0,Tre Tucker,LV,WR
153.0,Houston Texans,HOU,DST
154.0,Alvin Kamara,NO,RB
155.0,Hunter Henry,NE,TE
156.0,Isiah Pacheco,DET,RB
157.0,Tyrone Tracy Jr.,NYG,RB
158.0,Adonai Mitchell,NYJ,WR
159.0,Bryce Young,CAR,QB
160.0,Mike Washington Jr.,LV,RB
161.0,Tank Bigsby,PHI,RB
162.0,Jerry Jeudy,CLE,WR
163.0,Denver Broncos,DEN,DST
164.0,Braelon Allen,NYJ,RB
165.0,Jalen McMillan,TB,WR
166.0,MarShawn Lloyd,GB,RB
167.0,Jauan Jennings,MIN,WR
168.0,Los Angeles Rams,LAR,DST
169.0,Seattle Seahawks,SEA,DST
170.0,Kayshon Boutte,HOU,WR
171.0,Tre' Harris,LAC,WR
172.0,Brian Robinson Jr.,ATL,RB
173.0,Dontayvion Wicks,PHI,WR
174.0,Omar Cooper Jr.,NYJ,WR
175.0,Ryan Flournoy,DAL,WR
176.0,T.J. Hockenson,MIN,TE
177.0,Philadelphia Eagles,PHI,DST
178.0,Brandon Aubrey,DAL,K
179.0,Pat Bryant,DEN,WR
180.0,Pittsburgh Steelers,PIT,DST
181.0,Jacoby Brissett,ARI,QB
182.0,Emmett Johnson,KC,RB
183.0,New England Patriots,NE,DST
184.0,Ray Davis,BUF,RB
185.0,Minnesota Vikings,MIN,DST
186.0,Jalen Nailor,LV,WR
187.0,Malik Washington,MIA,WR
188.0,Travis Hunter,JAC,WR
189.0,Jacksonville Jaguars,JAC,DST
190.0,Cameron Dicker,LAC,K
191.0,Kimani Vidal,LAC,RB
192.0,Ka'imi Fairbairn,HOU,K
193.0,Los Angeles Chargers,LAC,DST
194.0,Calvin Ridley,TEN,WR
195.0,Keenan Allen,IND,WR
196.0,AJ Barner,SEA,TE
197.0,Terrance Ferguson,LAR,TE
198.0,Baltimore Ravens,BAL,DST
199.0,Cam Little,JAC,K
200.0,Jason Myers,SEA,K
201.0,Jaylin Noel,HOU,WR
202.0,Oronde Gadsden II,LAC,TE
203.0,Sean Tucker,TB,RB
204.0,Tyler Loop,BAL,K
205.0,Kansas City Chiefs,KC,DST
206.0,Eddy Pineiro,SF,K
207.0,James Conner,ARI,RB
208.0,Nicholas Singleton,TEN,RB
209.0,Gunnar Helm,TEN,TE
210.0,Green Bay Packers,GB,DST
211.0,Kenyon Sadiq,NYJ,TE
212.0,Aaron Rodgers,PIT,QB
213.0,Geno Smith,NYJ,QB
214.0,Jake Bates,DET,K
215.0,Tank Dell,HOU,WR
216.0,Cooper Kupp,SEA,WR
217.0,Darnell Mooney,NYG,WR
218.0,Cairo Santos,CHI,K
219.0,Isaac TeSlaa,DET,WR
220.0,Rashod Bateman,BAL,WR
221.0,Evan McPherson,CIN,K
222.0,Troy Franklin,DEN,WR
223.0,Detroit Lions,DET,DST
224.0,Jaydon Blue,DAL,RB
225.0,Andy Borregales,NE,K
226.0,Chase McLaughlin,TB,K
227.0,Harrison Mevis,LAR,K
228.0,Pat Freiermuth,PIT,TE
229.0,Cleveland Browns,CLE,DST
230.0,Emanuel Wilson,SEA,RB
231.0,Kaytron Allen,WAS,RB
232.0,Buffalo Bills,BUF,DST
233.0,Ja'Kobi Lane,BAL,WR
234.0,Cade Otton,TB,TE
235.0,Germie Bernard,PIT,WR
236.0,Antonio Williams,WAS,WR
237.0,Zachariah Branch,ATL,WR
238.0,Jaylen Wright,MIA,RB
239.0,Justice Hill,BAL,RB
240.0,George Holani,SEA,RB
241.0,Greg Dulcich,MIA,TE
242.0,Kaelon Black,SF,RB
243.0,Caleb Douglas,MIA,WR
244.0,Chris Bell,MIA,WR
245.0,Malachi Fields,NYG,WR
246.0,Jack Bech,LV,WR
247.0,Keon Coleman,BUF,WR
248.0,Chris Boswell,PIT,K
249.0,Harrison Butker,KC,K
250.0,David Njoku,LAC,TE
251.0,Evan Engram,DEN,TE
252.0,Devaughn Vele,NO,WR
253.0,Fernando Mendoza,LV,QB
254.0,Ted Hurst III,TB,WR
255.0,Chimere Dike,TEN,WR
256.0,Isaiah Davis,NYJ,RB
257.0,Demond Claiborne,MIN,RB
258.0,Najee Harris,NYG,RB
259.0,Ollie Gordon II,MIA,RB
260.0,Ty Johnson,BUF,RB
261.0,Elic Ayomanor,TEN,WR
262.0,LeQuint Allen Jr.,JAC,RB
263.0,Samaje Perine,CIN,RB
264.0,Jordan James,SF,RB
265.0,Colby Parkinson,LAR,TE
266.0,Tory Horton,SEA,WR
267.0,Wil Lutz,DEN,K
268.0,Cyrus Allen,KC,WR
269.0,Tyquan Thornton,KC,WR
270.0,Will Reichard,MIN,K
271.0,Chris Brooks,GB,RB
272.0,Darius Slayton,NYG,WR
273.0,Tua Tagovailoa,ATL,QB
274.0,Christian Kirk,SF,WR
275.0,Mason Taylor,NYJ,TE
276.0,Elijah Sarratt,BAL,WR
277.0,Xavier Legette,CAR,WR
278.0,Malik Davis,DAL,RB
279.0,Marvin Mims Jr.,DEN,WR
280.0,Devin Neal,NO,RB
281.0,DJ Giddens,IND,RB
282.0,Michael Penix Jr.,ATL,QB
283.0,Theo Johnson,NYG,TE
284.0,Atlanta Falcons,ATL,DST
285.0,Seth McGowan,IND,RB
286.0,San Francisco 49ers,SF,DST
287.0,Kirk Cousins,LV,QB
288.0,Deshaun Watson,CLE,QB
289.0,Kyle Williams,NE,WR
290.0,Eli Stowers,PHI,TE
291.0,Kendre Miller,NO,RB
292.0,Brashard Smith,KC,RB
293.0,Shedeur Sanders,CLE,QB
294.0,New Orleans Saints,NO,DST
295.0,Emari Demercado,KC,RB
296.0,Adam Randall,BAL,RB
297.0,Hollywood Brown,PHI,WR
298.0,Mike Gesicki,CIN,TE
299.0,Devin Singletary,NYG,RB
300.0,Mack Hollins,NE,WR
301.0,Trey Benson,ARI,RB
302.0,Isaiah Bond,CLE,WR
303.0,Indianapolis Colts,IND,DST
304.0,Skyler Bell,BUF,WR
305.0,Kaleb Johnson,GB,RB
306.0,Brandon Aiyuk,SF,WR
307.0,Trevor Etienne,CAR,RB
308.0,Jake Tonges,SF,TE
309.0,Darren Waller,CAR,TE
310.0,Jarquez Hunter,MIA,RB
311.0,Chicago Bears,CHI,DST
312.0,Isaac Guerendo,SF,RB
313.0,Andrei Iosivas,CIN,WR
314.0,Jaleel McLaughlin,DEN,RB
315.0,Jerome Ford,WAS,RB
316.0,Charlie Smyth,NO,K
317.0,DeMario Douglas,NE,WR
318.0,Tyreek Hill,FA,WR
319.0,Tahj Brooks,CIN,RB
320.0,Audric Estime,NO,RB
321.0,Darnell Washington,PIT,TE
322.0,Jahan Dotson,ATL,WR
323.0,Michael Mayer,LV,TE
324.0,Will Shipley,PHI,RB
325.0,Oscar Delp,NO,TE
326.0,Charlie Kolar,LAC,TE
327.0,Elijah Arroyo,SEA,TE
328.0,Bryce Lance,NO,WR
329.0,Jalen Tolbert,MIA,WR
330.0,Xavier Hutchinson,HOU,WR
331.0,Dallas Cowboys,DAL,DST
332.0,Cole Kmet,CHI,TE
333.0,Carson Beck,ARI,QB
334.0,Erick All Jr.,CIN,TE
335.0,Konata Mumpfield,LAR,WR
336.0,Eli Raridon,NE,TE
337.0,J.J. McCarthy,MIN,QB
338.0,Tyler Higbee,LAR,TE
339.0,Tez Johnson,TB,WR
340.0,Jalen Royals,KC,WR
341.0,Olamide Zaccheaus,ATL,WR
342.0,Joe Mixon,FA,RB
343.0,Luke McCaffrey,WAS,WR
344.0,Cedric Tillman,FA,WR
345.0,Kareem Hunt,FA,RB
346.0,Kendrick Bourne,ARI,WR
347.0,Chris Brazzell II,CAR,WR
348.0,Bam Knight,ARI,RB
349.0,Dawson Knox,BUF,TE
350.0,Max Klare,LAR,TE
351.0,Brenen Thompson,LAC,WR
352.0,Joshua Palmer,BUF,WR
353.0,Noah Gray,KC,TE
354.0,Mac Jones,SF,QB
355.0,Ja'Tavion Sanders,CAR,TE
356.0,Treylon Burks,WAS,WR
357.0,Eli Heidenreich,PIT,RB
358.0,Jake Elliott,PHI,K
359.0,Tyler Bass,BUF,K
360.0,Carolina Panthers,CAR,DST
361.0,Michael Carter,TEN,RB
362.0,Justin Fields,KC,QB
363.0,Roman Wilson,PIT,WR
364.0,Jawhar Jordan,HOU,RB
365.0,New York Giants,NYG,DST
366.0,Trey Smack,GB,K
367.0,Justin Joly,DEN,TE
368.0,Malik Benson,LV,WR
369.0,Ty Simpson,LAR,QB
370.0,Cincinnati Bengals,CIN,DST
371.0,Savion Williams,GB,WR
372.0,Kalif Raymond,CHI,WR
373.0,Tampa Bay Buccaneers,TB,DST
374.0,KaVontae Turpin,DAL,WR
375.0,Raheim Sanders,CLE,RB
376.0,Kevin Coleman Jr.,MIA,WR
377.0,Zane Gonzalez,FA,K
378.0,Dont'e Thornton Jr.,LV,WR
379.0,Zavion Thomas,CHI,WR
380.0,Tennessee Titans,TEN,DST
381.0,Anthony Richardson Sr.,IND,QB
382.0,Noah Fant,NO,TE
383.0,J'Mari Taylor,JAC,RB
384.0,Kyle Juszczyk,SF,RB
385.0,John Metchie III,CAR,WR
386.0,Colbie Young,CIN,WR
387.0,Tutu Atwell,LAR,WR
388.0,Jaylin Lane,WAS,WR
389.0,CJ Daniels,LAR,WR
390.0,Joe Flacco,CIN,QB
391.0,Phil Mafah,DAL,RB
392.0,Demarcus Robinson,SF,WR
393.0,Nick Westbrook-Ikhine,IND,WR
394.0,Luke Musgrave,GB,TE
395.0,Roschon Johnson,CHI,RB
396.0,Jameis Winston,NYG,QB
397.0,Washington Commanders,WAS,DST
398.0,Blake Grupe,IND,K
399.0,Ashton Dulin,IND,WR
400.0,Devontez Walker,BAL,WR
401.0,Nick Folk,ATL,K
402.0,Marcus Mariota,WAS,QB
403.0,Tommy Tremble,CAR,TE
404.0,Las Vegas Raiders,LV,DST
405.0,Ryan Fitzgerald,CAR,K
406.0,Daniel Carlson,NO,K
407.0,Joey Slye,TEN,K
408.0,Chad Ryland,ARI,K
409.0,Rasheen Ali,BAL,RB
410.0,Brandon McManus,FA,K
411.0,Barion Brown,NO,WR
412.0,Sione Vaki,DET,RB
413.0,John Bates,WAS,TE
414.0,Jordan Whittington,LAR,WR
415.0,Jam Miller,FA,RB
416.0,Ben Sinnott,WAS,TE
417.0,Ben Sauls,NYG,K
418.0,Joe Milton III,DAL,QB
419.0,Cade Klubnik,NYJ,QB
420.0,Elijah Higgins,ARI,TE
421.0,Austin Hooper,ATL,TE
422.0,Isaiah Williams,NYJ,WR
423.0,Mitchell Evans,CAR,TE
424.0,Tommy Myers,FA,TE
425.0,Daniel Bellinger,TEN,TE
426.0,Spencer Shrader,IND,K
427.0,Miami Dolphins,MIA,DST
428.0,Odell Beckham Jr.,NYG,WR
429.0,Dameon Pierce,PHI,RB
430.0,Austin Ekeler,FA,RB
431.0,Terrell Jennings,FA,RB
432.0,Tyler Goodson,ATL,RB
433.0,Dyami Brown,WAS,WR
434.0,Greg Dortch,DET,WR
435.0,Hunter Luepke,DAL,RB
436.0,Deion Burks,IND,WR
437.0,New York Jets,NYJ,DST
438.0,Drew Stevens,WAS,K
439.0,Van Jefferson,WAS,WR
440.0,Jake Moody,FA,K
441.0,Zach Ertz,FA,TE
442.0,Jason Sanders,NYJ,K
443.0,Jacob Saylors,DET,RB
444.0,Zavier Scott,MIN,RB
445.0,Tai Felton,MIN,WR
446.0,Marlin Klein,HOU,TE
447.0,Jonnu Smith,GB,TE
448.0,Matt Hibner,BAL,TE
449.0,Ronnie Rivers,LAR,RB
450.0,Isaiah Williams,FA,WR
451.0,Alec Ingold,LAC,RB
452.0,Jeremy McNichols,WAS,RB
453.0,Reggie Gilliam,NE,RB
454.0,Josh Williams,TB,RB
455.0,Dylan Laube,LV,RB
456.0,Damien Martinez,GB,RB
457.0,Elijah Moore,PHI,WR
458.0,Arizona Cardinals,ARI,DST
459.0,Antonio Gibson,FA,RB
460.0,Jahdae Walker,CHI,WR
461.0,Riley Leonard,IND,QB
462.0,Mitch Tinsley,FA,WR
463.0,Tyler Badie,DEN,RB
464.0,Patrick Ricard,NYG,RB
465.0,Will Kacmarek,MIA,TE
466.0,Roman Hemby,LV,RB
467.0,Khalil Herbert,SF,RB
468.0,DeAndre Hopkins,BAL,WR
469.0,Josh Oliver,MIN,TE
470.0,Max Bredeson,MIN,RB
471.0,Dohnte Meyers,CIN,WR
472.0,Robert Henry Jr.,WAS,RB
473.0,Tanner Koziol,JAC,TE
474.0,Tyler Lockett,LV,WR
475.0,Adam Prentice,DEN,RB
476.0,Jordan Watkins,SF,WR
477.0,Gardner Minshew II,ARI,QB
478.0,Lew Nichols III,PIT,RB
479.0,Jacob Cowing,SF,WR
480.0,Xavier Smith,LAR,WR
481.0,British Brooks,HOU,RB
482.0,Cade Stover,HOU,TE
483.0,Jimmy Horn Jr.,CAR,WR
484.0,Tim Patrick,NYJ,WR
485.0,Nathan Carter,ATL,RB
486.0,Marquez Valdes-Scantling,DAL,WR
487.0,Jackson Hawes,BUF,TE
488.0,Tyrod Taylor,GB,QB
489.0,Chris Blair,ATL,WR
490.0,Moliki Matavao,NO,TE
491.0,Jake Browning,FA,QB
492.0,Michael Woods II,DEN,WR
493.0,Sam Roush,CHI,TE
494.0,Xavier Restrepo,TEN,WR
495.0,Quinn Ewers,JAC,QB
496.0,Frank Gore Jr.,BUF,RB
497.0,Drew Sample,CIN,TE
498.0,Adam Trautman,DEN,TE
499.0,Jalen Reagor,MIA,WR
500.0,Dominic Zvada,NYG,K
501.0,Kene Nwangwu,NYJ,RB
502.0,Noah Whittington,HOU,RB
503.0,Reggie Virgil,ARI,WR
504.0,Cash Jones,ATL,RB
505.0,Michael Burton,CLE,RB
506.0,Durham Smythe,BAL,TE
507.0,Tyson Bagent,CHI,QB
508.0,Nate Boerkircher,JAC,TE
509.0,Luke Schoonmaker,DAL,TE
510.0,Jeremy Ruckert,NYJ,TE
511.0,KeAndre Lambert-Smith,LAC,WR
512.0,Tanner Hudson,CIN,TE
513.0,Tyler Conklin,DET,TE
514.0,Jaret Patterson,LAC,RB
515.0,Velus Jones Jr.,SEA,WR
516.0,Trey Lance,LAC,QB
517.0,Jaydn Ott,KC,RB
518.0,Lil'Jordan Humphrey,DEN,WR
